<?xml version="1.0" encoding="UTF-8" standalone="yes"?>
<addon id="repository.Chameleon" name="[COLOR red]Chame[/COLOR][COLOR blue]leon19[/COLOR] [COLOR yellow]TV[/COLOR] [COLOR green] Repository [/COLOR] " version="5.1.0" provider-name="Chameleon">
	<extension point="xbmc.addon.repository" name="Chameleon repo">
		<dir>
			<info compressed="false">https://raw.githubusercontent.com/medankats/oper1/master/addons.xml</info>
			<checksum>https://raw.githubusercontent.com/medankats/oper1/6fefce02f796815b564e62ade98979f5ba946a6a/addons.xml.md5</checksum>
			<datadir zip="true">http://cha1m.com/kids2/zips</datadir>
		</dir>
	</extension>
	<extension point="xbmc.addon.metadata">
		<assets>
			<icon>icon.png</icon>
		</assets>
		<summary>Chameleon repo</summary>
		<description>Chameleon repo</description>
		<platform>all</platform>
	</extension>
</addon>

