<?xml version="1.0" encoding="UTF-8" standalone="yes"?>
<addon id="repository.Chameleon20" name="Chameleon20 repo" version="1.0.2" provider-name="Chameleon20">
	<extension point="xbmc.addon.repository" name="Chameleon20 repo">
		<info compressed="false">https://raw.githubusercontent.com/medankats/opers/master/addons.xml</info>
		<checksum>https://raw.githubusercontent.com/medankats/opers/master/addons.xml.md5</checksum>
		<datadir zip="true">http://cha1m.com/kids21/zips</datadir>
		<dir>
			<info compressed="false">https://raw.githubusercontent.com/medankats/opers/master/addons.xml</info>
			<checksum>https://raw.githubusercontent.com/medankats/opers/master/addons.xml.md5</checksum>
			<datadir zip="true">http://cha1m.com/kids21/zips</datadir>
		</dir>
	</extension>
	<extension point="xbmc.addon.metadata">
		<assets>
			<icon>icon.png</icon>
		</assets>
		<summary>Chameleon20 Repo</summary>
		<description>Chameleon20 Repo</description>
		<platform>all</platform>
	</extension>
</addon>

